<?xml version="1.0" encoding="UTF-8" standalone="no"?>
<instance:xArch xmlns:instance="http://www.ics.uci.edu/pub/arch/xArch/instance.xsd" xmlns:changes="http://www.ics.uci.edu/pub/arch/xArch/changes.xsd" xmlns:hints3="http://www.ics.uci.edu/pub/arch/xArch/hints3.xsd" xmlns:implementation="http://www.ics.uci.edu/pub/arch/xArch/implementation.xsd" xmlns:implementationext="http://www.ics.uci.edu/pub/arch/xArch/implementationext.xsd" xmlns:javaimplementation="http://www.ics.uci.edu/pub/arch/xArch/javaimplementation.xsd" xmlns:lookupimplementation="http://www.ics.uci.edu/pub/arch/xArch/lookupimplementation.xsd" xmlns:types="http://www.ics.uci.edu/pub/arch/xArch/types.xsd" xmlns:xlink="http://www.w3.org/1999/xlink" xmlns:xsi="http://www.w3.org/2001/XMLSchema-instance" xsi:schemaLocation="http://www.ics.uci.edu/pub/arch/xArch/implementationext.xsd http://www.ics.uci.edu/~zhengy/schema/Implementationext.xsd http://www.ics.uci.edu/pub/arch/xArch/changes.xsd http://www.ics.uci.edu/~zhengy/schema/changes.xsd http://www.ics.uci.edu/pub/arch/xArch/hints3.xsd http://www.isr.uci.edu/projects/xarchuci/ext/hints3.xsd http://www.ics.uci.edu/pub/arch/xArch/lookupimplementation.xsd http://www.isr.uci.edu/projects/xarchuci/ext/lookupimplementation.xsd http://www.ics.uci.edu/pub/arch/xArch/javaimplementation.xsd http://www.isr.uci.edu/projects/xarchuci/ext/javaimplementation.xsd http://www.ics.uci.edu/pub/arch/xArch/implementation.xsd http://www.isr.uci.edu/projects/xarchuci/ext/implementation.xsd http://www.ics.uci.edu/pub/arch/xArch/variants.xsd http://www.isr.uci.edu/projects/xarchuci/ext/variants.xsd http://www.ics.uci.edu/pub/arch/xArch/instance.xsd http://www.isr.uci.edu/projects/xarchuci/core/instance.xsd http://www.ics.uci.edu/pub/arch/xArch/statecharts.xsd http://www.ics.uci.edu/~zhengy/schema/statecharts.xsd http://www.ics.uci.edu/pub/arch/xArch/interactions.xsd http://www.ics.uci.edu/~zhengy/schema/interactions.xsd http://www.ics.uci.edu/pub/arch/xArch/types.xsd http://www.isr.uci.edu/projects/xarchuci/ext/types.xsd http://www.ics.uci.edu/pub/arch/xArch/changesets.xsd http://www.isr.uci.edu/projects/xarchuci/ext/changesets.xsd">
    <types:archTypes xsi:type="types:ArchTypes">
        <types:connectorType types:id="connectorTypeffa83801-de4e7079-706b96c7-11b30003" xsi:type="implementation:VariantConnectorTypeImpl">
            <types:description xsi:type="instance:Description">EventPump Type</types:description>
            <types:signature types:id="signatureffa83801-de4e70bd-34eed719-11b30004" xsi:type="implementation:SignatureImpl">
                <types:description xsi:type="instance:Description">in</types:description>
                <types:direction xsi:type="instance:Direction">in</types:direction>
                <implementation:implementation xsi:type="lookupimplementation:LookupImplementation">
                    <lookupimplementation:name xsi:type="lookupimplementation:LookupName">in</lookupimplementation:name>
                </implementation:implementation>
            </types:signature>
            <types:signature types:id="signatureffa83801-de4e70c2-a9212f24-11b30005" xsi:type="implementation:SignatureImpl">
                <types:description xsi:type="instance:Description">out</types:description>
                <types:direction xsi:type="instance:Direction">out</types:direction>
                <implementation:implementation xsi:type="lookupimplementation:LookupImplementation">
                    <lookupimplementation:name xsi:type="lookupimplementation:LookupName">out</lookupimplementation:name>
                </implementation:implementation>
            </types:signature>
            <implementation:implementation xsi:type="javaimplementation:JavaImplementation">
                <javaimplementation:mainClass xsi:type="javaimplementation:JavaClassFile">
                    <javaimplementation:javaClassName xsi:type="javaimplementation:JavaClassName">edu.uci.isr.myx.conn.EventPumpConnector</javaimplementation:javaClassName>
                </javaimplementation:mainClass>
            </implementation:implementation>
        </types:connectorType>
        <types:connectorType types:id="connectorTypeffa83801-de4e70d0-8b07d94d-11b30006" xsi:type="implementation:VariantConnectorTypeImpl">
            <types:description xsi:type="instance:Description">Synchronous Type</types:description>
            <types:signature types:id="signatureffa83801-de4e70d3-05718301-11b30007" xsi:type="implementation:SignatureImpl">
                <types:description xsi:type="instance:Description">in</types:description>
                <types:direction xsi:type="instance:Direction">in</types:direction>
                <implementation:implementation xsi:type="lookupimplementation:LookupImplementation">
                    <lookupimplementation:name xsi:type="lookupimplementation:LookupName">in</lookupimplementation:name>
                </implementation:implementation>
            </types:signature>
            <types:signature types:id="signatureffa83801-de4e70e1-b1745693-11b30008" xsi:type="implementation:SignatureImpl">
                <types:description xsi:type="instance:Description">out</types:description>
                <types:direction xsi:type="instance:Direction">out</types:direction>
                <implementation:implementation xsi:type="lookupimplementation:LookupImplementation">
                    <lookupimplementation:name xsi:type="lookupimplementation:LookupName">out</lookupimplementation:name>
                </implementation:implementation>
            </types:signature>
            <implementation:implementation xsi:type="javaimplementation:JavaImplementation">
                <javaimplementation:mainClass xsi:type="javaimplementation:JavaClassFile">
                    <javaimplementation:javaClassName xsi:type="javaimplementation:JavaClassName">edu.uci.isr.myx.conn.SynchronousProxyConnector</javaimplementation:javaClassName>
                </javaimplementation:mainClass>
            </implementation:implementation>
        </types:connectorType>
        <types:connectorType types:id="connectorTypeffa83801-de4e70f2-5ec566ab-11b30009" xsi:type="implementation:VariantConnectorTypeImpl">
            <types:description xsi:type="instance:Description">EventPump Type - Sync &amp; Async</types:description>
            <types:signature types:id="signatureffa83801-de4e70f4-ead00fc0-11b3000a" xsi:type="implementation:SignatureImpl">
                <types:description xsi:type="instance:Description">in</types:description>
                <types:direction xsi:type="instance:Direction">in</types:direction>
                <implementation:implementation xsi:type="lookupimplementation:LookupImplementation">
                    <lookupimplementation:name xsi:type="lookupimplementation:LookupName">in</lookupimplementation:name>
                </implementation:implementation>
            </types:signature>
            <types:signature types:id="signatureffa83801-de4e70f8-e9a1a186-11b3000b" xsi:type="implementation:SignatureImpl">
                <types:description xsi:type="instance:Description">out</types:description>
                <types:direction xsi:type="instance:Direction">out</types:direction>
                <implementation:implementation xsi:type="lookupimplementation:LookupImplementation">
                    <lookupimplementation:name xsi:type="lookupimplementation:LookupName">asynch</lookupimplementation:name>
                </implementation:implementation>
            </types:signature>
            <types:signature types:id="signatureffa83801-de4e70fa-e1a27278-11b3000c" xsi:type="implementation:SignatureImpl">
                <types:description xsi:type="instance:Description">out</types:description>
                <types:direction xsi:type="instance:Direction">out</types:direction>
                <implementation:implementation xsi:type="lookupimplementation:LookupImplementation">
                    <lookupimplementation:name xsi:type="lookupimplementation:LookupName">synch</lookupimplementation:name>
                </implementation:implementation>
            </types:signature>
            <implementation:implementation xsi:type="javaimplementation:JavaImplementation">
                <javaimplementation:mainClass xsi:type="javaimplementation:JavaClassFile">
                    <javaimplementation:javaClassName xsi:type="javaimplementation:JavaClassName">edu.uci.isr.myx.conn.SynchAsynchPumpConnector</javaimplementation:javaClassName>
                </javaimplementation:mainClass>
            </implementation:implementation>
        </types:connectorType>
        <types:interfaceType types:id="interfaceTypeffa83801-de4e905e-33381635-11b3000d" xsi:type="implementation:InterfaceTypeImpl">
            <types:description xsi:type="instance:Description">ITetris</types:description>
            <implementation:implementation xsi:type="javaimplementation:JavaImplementation">
                <javaimplementation:mainClass xsi:type="javaimplementation:JavaClassFile">
                    <javaimplementation:javaClassName xsi:type="javaimplementation:JavaClassName">edu.umkc.sc9v9.tetris.ITetris</javaimplementation:javaClassName>
                </javaimplementation:mainClass>
            </implementation:implementation>
        </types:interfaceType>
        <types:interfaceType types:id="interfaceTypeffa83801-df63f55f-79fe3efe-11b3000e" xsi:type="implementation:InterfaceTypeImpl">
            <types:description xsi:type="instance:Description">IClock</types:description>
            <implementation:implementation xsi:type="javaimplementation:JavaImplementation">
                <javaimplementation:mainClass xsi:type="javaimplementation:JavaClassFile">
                    <javaimplementation:javaClassName xsi:type="javaimplementation:JavaClassName">edu.umkc.sc9v9.tetris.IClock</javaimplementation:javaClassName>
                </javaimplementation:mainClass>
            </implementation:implementation>
        </types:interfaceType>
        <types:interfaceType types:id="interfaceTypeffa83801-df641958-130ecc50-11b3000f" xsi:type="implementation:InterfaceTypeImpl">
            <types:description xsi:type="instance:Description">ISidePanel</types:description>
            <implementation:implementation xsi:type="javaimplementation:JavaImplementation">
                <javaimplementation:mainClass xsi:type="javaimplementation:JavaClassFile">
                    <javaimplementation:javaClassName xsi:type="javaimplementation:JavaClassName">edu.umkc.sc9v9.tetris.ISidePanel</javaimplementation:javaClassName>
                </javaimplementation:mainClass>
            </implementation:implementation>
        </types:interfaceType>
        <types:interfaceType types:id="interfaceTypeffa83801-df643c99-6d12e516-11b30010" xsi:type="implementation:InterfaceTypeImpl">
            <types:description xsi:type="instance:Description">IBoardPanel</types:description>
            <implementation:implementation xsi:type="javaimplementation:JavaImplementation">
                <javaimplementation:mainClass xsi:type="javaimplementation:JavaClassFile">
                    <javaimplementation:javaClassName xsi:type="javaimplementation:JavaClassName">edu.umkc.sc9v9.tetris.IBoardPanel</javaimplementation:javaClassName>
                </javaimplementation:mainClass>
            </implementation:implementation>
        </types:interfaceType>
    </types:archTypes>
    <types:archStructure types:id="archStructureffa83801-df6fa1cd-21684d92-11b30012" xsi:type="types:ArchStructure">
        <types:description xsi:type="instance:Description">Tetris</types:description>
        <types:component types:id="componentffa83801-df705fee-9a49fe04-11b30016" xsi:type="implementationext:ComponentImpl">
            <types:description xsi:type="instance:Description">Tetris</types:description>
            <types:interface types:id="interfaceffa83801-df711c00-2e5c6d82-11b3013d" xsi:type="types:Interface">
                <types:description xsi:type="instance:Description">[New Interface]</types:description>
                <types:direction xsi:type="instance:Direction">out</types:direction>
                <types:type xlink:href="#interfaceTypeffa83801-df63f55f-79fe3efe-11b3000e" xlink:type="simple" xsi:type="instance:XMLLink"/>
            </types:interface>
            <types:interface types:id="interfaceffa83801-df713206-ac58c6b8-11b30145" xsi:type="types:Interface">
                <types:description xsi:type="instance:Description">[New Interface]</types:description>
                <types:direction xsi:type="instance:Direction">out</types:direction>
                <types:type xlink:href="#interfaceTypeffa83801-df641958-130ecc50-11b3000f" xlink:type="simple" xsi:type="instance:XMLLink"/>
            </types:interface>
            <types:interface types:id="interfaceffa83801-df7141b6-11645a05-11b3014d" xsi:type="types:Interface">
                <types:description xsi:type="instance:Description">[New Interface]</types:description>
                <types:direction xsi:type="instance:Direction">out</types:direction>
                <types:type xlink:href="#interfaceTypeffa83801-df643c99-6d12e516-11b30010" xlink:type="simple" xsi:type="instance:XMLLink"/>
            </types:interface>
            <implementationext:implementation xsi:type="javaimplementation:JavaImplementation">
                <javaimplementation:mainClass xsi:type="javaimplementation:JavaClassFile">
                    <javaimplementation:javaClassName xsi:type="javaimplementation:JavaClassName">edu.umkc.sc9v9.tetris.tetris.TetrisArch</javaimplementation:javaClassName>
                </javaimplementation:mainClass>
                <javaimplementation:auxClass xsi:type="javaimplementation:JavaClassFile">
                    <javaimplementation:javaClassName xsi:type="javaimplementation:JavaClassName">edu.umkc.sc9v9.tetris.tetris.TetrisImp</javaimplementation:javaClassName>
                </javaimplementation:auxClass>
            </implementationext:implementation>
            
            
            
            
        </types:component>
        <types:component types:id="componentffa83801-df706cee-fc4087b2-11b30021" xsi:type="implementationext:ComponentImpl">
            <types:description xsi:type="instance:Description">Clock</types:description>
            <types:interface types:id="interfaceffa83801-df71a837-3ac51a79-11b30171" xsi:type="types:Interface">
                <types:description xsi:type="instance:Description">[New Interface]</types:description>
                <types:direction xsi:type="instance:Direction">in</types:direction>
                <types:type xlink:href="#interfaceTypeffa83801-df63f55f-79fe3efe-11b3000e" xlink:type="simple" xsi:type="instance:XMLLink"/>
            </types:interface>
            <implementationext:implementation xsi:type="javaimplementation:JavaImplementation">
                <javaimplementation:mainClass xsi:type="javaimplementation:JavaClassFile">
                    <javaimplementation:javaClassName xsi:type="javaimplementation:JavaClassName">edu.umkc.sc9v9.tetris.clock.ClockArch</javaimplementation:javaClassName>
                </javaimplementation:mainClass>
                <javaimplementation:auxClass xsi:type="javaimplementation:JavaClassFile">
                    <javaimplementation:javaClassName xsi:type="javaimplementation:JavaClassName">edu.umkc.sc9v9.tetris.clock.ClockImp</javaimplementation:javaClassName>
                </javaimplementation:auxClass>
            </implementationext:implementation>
            
            
        </types:component>
        <types:component types:id="componentffa83801-df707387-5e0e2d7a-11b3002b" xsi:type="implementationext:ComponentImpl">
            <types:description xsi:type="instance:Description">SidePanel</types:description>
            <types:interface types:id="interfaceffa83801-df71b00f-01644ae3-11b30192" xsi:type="types:Interface">
                <types:description xsi:type="instance:Description">[New Interface]</types:description>
                <types:direction xsi:type="instance:Direction">in</types:direction>
                <types:type xlink:href="#interfaceTypeffa83801-df641958-130ecc50-11b3000f" xlink:type="simple" xsi:type="instance:XMLLink"/>
            </types:interface>
            <implementationext:implementation xsi:type="javaimplementation:JavaImplementation">
                <javaimplementation:mainClass xsi:type="javaimplementation:JavaClassFile">
                    <javaimplementation:javaClassName xsi:type="javaimplementation:JavaClassName">edu.umkc.sc9v9.tetris.sidepanel.SidePanelArch</javaimplementation:javaClassName>
                </javaimplementation:mainClass>
                <javaimplementation:auxClass xsi:type="javaimplementation:JavaClassFile">
                    <javaimplementation:javaClassName xsi:type="javaimplementation:JavaClassName">edu.umkc.sc9v9.tetris.sidepanel.SidePanelImp</javaimplementation:javaClassName>
                </javaimplementation:auxClass>
            </implementationext:implementation>
            
            
        </types:component>
        <types:component types:id="componentffa83801-df707abe-fc081f83-11b30035" xsi:type="implementationext:ComponentImpl">
            <types:description xsi:type="instance:Description">BoardPanel</types:description>
            <types:interface types:id="interfaceffa83801-df71b9af-32ad9005-11b301b3" xsi:type="types:Interface">
                <types:description xsi:type="instance:Description">[New Interface]</types:description>
                <types:direction xsi:type="instance:Direction">in</types:direction>
                <types:type xlink:href="#interfaceTypeffa83801-df643c99-6d12e516-11b30010" xlink:type="simple" xsi:type="instance:XMLLink"/>
            </types:interface>
            <implementationext:implementation xsi:type="javaimplementation:JavaImplementation">
                <javaimplementation:mainClass xsi:type="javaimplementation:JavaClassFile">
                    <javaimplementation:javaClassName xsi:type="javaimplementation:JavaClassName">edu.umkc.sc9v9.tetris.boardpanel.BoardPanelArch</javaimplementation:javaClassName>
                </javaimplementation:mainClass>
                <javaimplementation:auxClass xsi:type="javaimplementation:JavaClassFile">
                    <javaimplementation:javaClassName xsi:type="javaimplementation:JavaClassName">edu.umkc.sc9v9.tetris.boardpanel.BoardPanelImp</javaimplementation:javaClassName>
                </javaimplementation:auxClass>
            </implementationext:implementation>
            
            
        </types:component>
        <types:link types:id="linkffa83801-df7225ae-ffd07812-11b301be" xsi:type="types:Link">
            <types:description xsi:type="instance:Description">[New Link]</types:description>
            <types:point xsi:type="instance:Point">
                <instance:anchorOnInterface xlink:href="#interfaceffa83801-df711c00-2e5c6d82-11b3013d" xlink:type="simple" xsi:type="instance:XMLLink"/>
            </types:point>
            <types:point xsi:type="instance:Point">
                <instance:anchorOnInterface xlink:href="#interfaceffa83801-df71a837-3ac51a79-11b30171" xlink:type="simple" xsi:type="instance:XMLLink"/>
            </types:point>
        </types:link>
        <types:link types:id="linkffa83801-df724bb5-9c384ef5-11b301cc" xsi:type="types:Link">
            <types:description xsi:type="instance:Description">[New Link]</types:description>
            <types:point xsi:type="instance:Point">
                <instance:anchorOnInterface xlink:href="#interfaceffa83801-df713206-ac58c6b8-11b30145" xlink:type="simple" xsi:type="instance:XMLLink"/>
            </types:point>
            <types:point xsi:type="instance:Point">
                <instance:anchorOnInterface xlink:href="#interfaceffa83801-df71b00f-01644ae3-11b30192" xlink:type="simple" xsi:type="instance:XMLLink"/>
            </types:point>
        </types:link>
        <types:link types:id="linkffa83801-df726eaf-151fb2f1-11b301da" xsi:type="types:Link">
            <types:description xsi:type="instance:Description">[New Link]</types:description>
            <types:point xsi:type="instance:Point">
                <instance:anchorOnInterface xlink:href="#interfaceffa83801-df7141b6-11645a05-11b3014d" xlink:type="simple" xsi:type="instance:XMLLink"/>
            </types:point>
            <types:point xsi:type="instance:Point">
                <instance:anchorOnInterface xlink:href="#interfaceffa83801-df71b9af-32ad9005-11b301b3" xlink:type="simple" xsi:type="instance:XMLLink"/>
            </types:point>
        </types:link>
    </types:archStructure>
    <hints3:renderingHints3 xsi:type="hints3:RenderingHints3">
        <hints3:hintedElement hints3:maintainer="edu.uci.isr.archstudio4.comp.archipelago" hints3:version="4.0.0" xsi:type="hints3:HintBundle"/>
        <hints3:hintedElement hints3:maintainer="edu.uci.isr.archstudio4.comp.archipelago" hints3:version="4.1.0" xsi:type="hints3:HintBundle">
            <hints3:hintedElement xsi:type="hints3:HintedElement">
                <hints3:target xlink:href="#archStructureffa83801-df6fa1cd-21684d92-11b30012" xlink:type="simple" xsi:type="instance:XMLLink"/>
                <hints3:hintedElement xsi:type="hints3:HintedElement">
                    <hints3:target xlink:href="#componentffa83801-df707387-5e0e2d7a-11b3002b" xlink:type="simple" xsi:type="instance:XMLLink"/>
                    <hints3:property hints3:name="glass/boundingBox" xsi:type="hints3:Property">
                        <hints3:value hints3:data="10275,10225,100,100" hints3:type="org.eclipse.swt.graphics.Rectangle" xsi:type="hints3:PropertyValue"/>
                    </hints3:property>
                    <hints3:property hints3:name="background/color" xsi:type="hints3:Property">
                        <hints3:value hints3:data="197,203,255" hints3:type="org.eclipse.swt.graphics.RGB" xsi:type="hints3:PropertyValue"/>
                    </hints3:property>
                </hints3:hintedElement>
                <hints3:hintedElement xsi:type="hints3:HintedElement">
                    <hints3:target xlink:href="#componentffa83801-df705fee-9a49fe04-11b30016" xlink:type="simple" xsi:type="instance:XMLLink"/>
                    <hints3:property hints3:name="glass/boundingBox" xsi:type="hints3:Property">
                        <hints3:value hints3:data="10247,10077,100,100" hints3:type="org.eclipse.swt.graphics.Rectangle" xsi:type="hints3:PropertyValue"/>
                    </hints3:property>
                    <hints3:property hints3:name="background/color" xsi:type="hints3:Property">
                        <hints3:value hints3:data="197,203,255" hints3:type="org.eclipse.swt.graphics.RGB" xsi:type="hints3:PropertyValue"/>
                    </hints3:property>
                    
                    
                </hints3:hintedElement>
                <hints3:hintedElement xsi:type="hints3:HintedElement">
                    <hints3:target xlink:href="#componentffa83801-df706cee-fc4087b2-11b30021" xlink:type="simple" xsi:type="instance:XMLLink"/>
                    <hints3:property hints3:name="glass/boundingBox" xsi:type="hints3:Property">
                        <hints3:value hints3:data="10125,10225,100,100" hints3:type="org.eclipse.swt.graphics.Rectangle" xsi:type="hints3:PropertyValue"/>
                    </hints3:property>
                    <hints3:property hints3:name="background/color" xsi:type="hints3:Property">
                        <hints3:value hints3:data="197,203,255" hints3:type="org.eclipse.swt.graphics.RGB" xsi:type="hints3:PropertyValue"/>
                    </hints3:property>
                </hints3:hintedElement>
                <hints3:hintedElement xsi:type="hints3:HintedElement">
                    <hints3:target xlink:href="#componentffa83801-df707abe-fc081f83-11b30035" xlink:type="simple" xsi:type="instance:XMLLink"/>
                    <hints3:property hints3:name="glass/boundingBox" xsi:type="hints3:Property">
                        <hints3:value hints3:data="10425,10225,100,100" hints3:type="org.eclipse.swt.graphics.Rectangle" xsi:type="hints3:PropertyValue"/>
                    </hints3:property>
                    <hints3:property hints3:name="background/color" xsi:type="hints3:Property">
                        <hints3:value hints3:data="197,203,255" hints3:type="org.eclipse.swt.graphics.RGB" xsi:type="hints3:PropertyValue"/>
                    </hints3:property>
                </hints3:hintedElement>
                <hints3:hintedElement xsi:type="hints3:HintedElement">
                    <hints3:target xlink:href="#interfaceffa83801-df711c00-2e5c6d82-11b3013d" xlink:type="simple" xsi:type="instance:XMLLink"/>
                    <hints3:property hints3:name="glass/anchorPoint" xsi:type="hints3:Property">
                        <hints3:value hints3:data="10275,10177" hints3:type="org.eclipse.swt.graphics.Point" xsi:type="hints3:PropertyValue"/>
                    </hints3:property>
                    <hints3:property hints3:name="glass/anchorPoint-StuckInfo" xsi:type="hints3:Property">
                        <hints3:value hints3:data="{EDGE,{0.28,1.0}}" hints3:type="{[Ljava.lang.Object;,2,enum:edu.uci.isr.bna4.logics.coordinating.MaintainStickyPointLogic$StickyMode,{[F,2,java.lang.Float,java.lang.Float}}" xsi:type="hints3:PropertyValue"/>
                    </hints3:property>
                    <hints3:property hints3:name="background/color" xsi:type="hints3:Property">
                        <hints3:value hints3:data="255,255,255" hints3:type="org.eclipse.swt.graphics.RGB" xsi:type="hints3:PropertyValue"/>
                    </hints3:property>
                </hints3:hintedElement>
                <hints3:hintedElement xsi:type="hints3:HintedElement">
                    <hints3:target xlink:href="#interfaceffa83801-df713206-ac58c6b8-11b30145" xlink:type="simple" xsi:type="instance:XMLLink"/>
                    <hints3:property hints3:name="glass/anchorPoint" xsi:type="hints3:Property">
                        <hints3:value hints3:data="10300,10177" hints3:type="org.eclipse.swt.graphics.Point" xsi:type="hints3:PropertyValue"/>
                    </hints3:property>
                    <hints3:property hints3:name="glass/anchorPoint-StuckInfo" xsi:type="hints3:Property">
                        <hints3:value hints3:data="{EDGE,{0.53,1.0}}" hints3:type="{[Ljava.lang.Object;,2,enum:edu.uci.isr.bna4.logics.coordinating.MaintainStickyPointLogic$StickyMode,{[F,2,java.lang.Float,java.lang.Float}}" xsi:type="hints3:PropertyValue"/>
                    </hints3:property>
                    <hints3:property hints3:name="background/color" xsi:type="hints3:Property">
                        <hints3:value hints3:data="255,255,255" hints3:type="org.eclipse.swt.graphics.RGB" xsi:type="hints3:PropertyValue"/>
                    </hints3:property>
                </hints3:hintedElement>
                <hints3:hintedElement xsi:type="hints3:HintedElement">
                    <hints3:target xlink:href="#interfaceffa83801-df7141b6-11645a05-11b3014d" xlink:type="simple" xsi:type="instance:XMLLink"/>
                    <hints3:property hints3:name="glass/anchorPoint" xsi:type="hints3:Property">
                        <hints3:value hints3:data="10325,10177" hints3:type="org.eclipse.swt.graphics.Point" xsi:type="hints3:PropertyValue"/>
                    </hints3:property>
                    <hints3:property hints3:name="glass/anchorPoint-StuckInfo" xsi:type="hints3:Property">
                        <hints3:value hints3:data="{EDGE,{0.78,1.0}}" hints3:type="{[Ljava.lang.Object;,2,enum:edu.uci.isr.bna4.logics.coordinating.MaintainStickyPointLogic$StickyMode,{[F,2,java.lang.Float,java.lang.Float}}" xsi:type="hints3:PropertyValue"/>
                    </hints3:property>
                    <hints3:property hints3:name="background/color" xsi:type="hints3:Property">
                        <hints3:value hints3:data="255,255,255" hints3:type="org.eclipse.swt.graphics.RGB" xsi:type="hints3:PropertyValue"/>
                    </hints3:property>
                </hints3:hintedElement>
                <hints3:hintedElement xsi:type="hints3:HintedElement">
                    <hints3:target xlink:href="#interfaceffa83801-df71b00f-01644ae3-11b30192" xlink:type="simple" xsi:type="instance:XMLLink"/>
                    <hints3:property hints3:name="glass/anchorPoint" xsi:type="hints3:Property">
                        <hints3:value hints3:data="10325,10225" hints3:type="org.eclipse.swt.graphics.Point" xsi:type="hints3:PropertyValue"/>
                    </hints3:property>
                    <hints3:property hints3:name="glass/anchorPoint-StuckInfo" xsi:type="hints3:Property">
                        <hints3:value hints3:data="{EDGE,{0.5,0.0}}" hints3:type="{[Ljava.lang.Object;,2,enum:edu.uci.isr.bna4.logics.coordinating.MaintainStickyPointLogic$StickyMode,{[F,2,java.lang.Float,java.lang.Float}}" xsi:type="hints3:PropertyValue"/>
                    </hints3:property>
                    <hints3:property hints3:name="background/color" xsi:type="hints3:Property">
                        <hints3:value hints3:data="255,255,255" hints3:type="org.eclipse.swt.graphics.RGB" xsi:type="hints3:PropertyValue"/>
                    </hints3:property>
                </hints3:hintedElement>
                <hints3:hintedElement xsi:type="hints3:HintedElement">
                    <hints3:target xlink:href="#interfaceffa83801-df71a837-3ac51a79-11b30171" xlink:type="simple" xsi:type="instance:XMLLink"/>
                    <hints3:property hints3:name="glass/anchorPoint" xsi:type="hints3:Property">
                        <hints3:value hints3:data="10175,10225" hints3:type="org.eclipse.swt.graphics.Point" xsi:type="hints3:PropertyValue"/>
                    </hints3:property>
                    <hints3:property hints3:name="glass/anchorPoint-StuckInfo" xsi:type="hints3:Property">
                        <hints3:value hints3:data="{EDGE,{0.5,0.0}}" hints3:type="{[Ljava.lang.Object;,2,enum:edu.uci.isr.bna4.logics.coordinating.MaintainStickyPointLogic$StickyMode,{[F,2,java.lang.Float,java.lang.Float}}" xsi:type="hints3:PropertyValue"/>
                    </hints3:property>
                    <hints3:property hints3:name="background/color" xsi:type="hints3:Property">
                        <hints3:value hints3:data="255,255,255" hints3:type="org.eclipse.swt.graphics.RGB" xsi:type="hints3:PropertyValue"/>
                    </hints3:property>
                </hints3:hintedElement>
                <hints3:hintedElement xsi:type="hints3:HintedElement">
                    <hints3:target xlink:href="#interfaceffa83801-df71b9af-32ad9005-11b301b3" xlink:type="simple" xsi:type="instance:XMLLink"/>
                    <hints3:property hints3:name="glass/anchorPoint" xsi:type="hints3:Property">
                        <hints3:value hints3:data="10475,10225" hints3:type="org.eclipse.swt.graphics.Point" xsi:type="hints3:PropertyValue"/>
                    </hints3:property>
                    <hints3:property hints3:name="glass/anchorPoint-StuckInfo" xsi:type="hints3:Property">
                        <hints3:value hints3:data="{EDGE,{0.5,0.0}}" hints3:type="{[Ljava.lang.Object;,2,enum:edu.uci.isr.bna4.logics.coordinating.MaintainStickyPointLogic$StickyMode,{[F,2,java.lang.Float,java.lang.Float}}" xsi:type="hints3:PropertyValue"/>
                    </hints3:property>
                    <hints3:property hints3:name="background/color" xsi:type="hints3:Property">
                        <hints3:value hints3:data="255,255,255" hints3:type="org.eclipse.swt.graphics.RGB" xsi:type="hints3:PropertyValue"/>
                    </hints3:property>
                    <hints3:property hints3:name="label/showTag" xsi:type="hints3:Property">
                        <hints3:value hints3:data="false" hints3:type="java.lang.Boolean" xsi:type="hints3:PropertyValue"/>
                    </hints3:property>
                    <hints3:property hints3:name="tag/angle" xsi:type="hints3:Property">
                        <hints3:value hints3:data="0" hints3:type="java.lang.Integer" xsi:type="hints3:PropertyValue"/>
                    </hints3:property>
                    <hints3:property hints3:name="tag/anchorPoint" xsi:type="hints3:Property">
                        <hints3:value hints3:data="10495,10205" hints3:type="org.eclipse.swt.graphics.Point" xsi:type="hints3:PropertyValue"/>
                    </hints3:property>
                    <hints3:property hints3:name="tag/anchorPoint-MoveWithInfo" xsi:type="hints3:Property">
                        <hints3:value hints3:data="{20\c-20}" hints3:type="{[Ljava.lang.Object;,1,org.eclipse.swt.graphics.Point}" xsi:type="hints3:PropertyValue"/>
                    </hints3:property>
                </hints3:hintedElement>
                <hints3:hintedElement xsi:type="hints3:HintedElement">
                    <hints3:target xlink:href="#linkffa83801-df7225ae-ffd07812-11b301be" xlink:type="simple" xsi:type="instance:XMLLink"/>
                    <hints3:property hints3:name="glass/midpoints" xsi:type="hints3:Property">
                        <hints3:value hints3:data="{}" hints3:type="{[Lorg.eclipse.swt.graphics.Point;,0}" xsi:type="hints3:PropertyValue"/>
                    </hints3:property>
                    <hints3:property hints3:name="glass/endpoint1" xsi:type="hints3:Property">
                        <hints3:value hints3:data="10270,10179" hints3:type="org.eclipse.swt.graphics.Point" xsi:type="hints3:PropertyValue"/>
                    </hints3:property>
                    <hints3:property hints3:name="glass/endpoint2" xsi:type="hints3:Property">
                        <hints3:value hints3:data="10180,10223" hints3:type="org.eclipse.swt.graphics.Point" xsi:type="hints3:PropertyValue"/>
                    </hints3:property>
                    <hints3:property hints3:name="glass/endpoint2-StuckInfo" xsi:type="hints3:Property">
                        <hints3:value hints3:data="{EDGE_FROM_CENTER}" hints3:type="{[Ljava.lang.Object;,1,enum:edu.uci.isr.bna4.logics.coordinating.MaintainStickyPointLogic$StickyMode}" xsi:type="hints3:PropertyValue"/>
                    </hints3:property>
                    <hints3:property hints3:name="glass/endpoint1-StuckInfo" xsi:type="hints3:Property">
                        <hints3:value hints3:data="{EDGE_FROM_CENTER}" hints3:type="{[Ljava.lang.Object;,1,enum:edu.uci.isr.bna4.logics.coordinating.MaintainStickyPointLogic$StickyMode}" xsi:type="hints3:PropertyValue"/>
                    </hints3:property>
                </hints3:hintedElement>
                <hints3:hintedElement xsi:type="hints3:HintedElement">
                    <hints3:target xlink:href="#linkffa83801-df724bb5-9c384ef5-11b301cc" xlink:type="simple" xsi:type="instance:XMLLink"/>
                    <hints3:property hints3:name="glass/midpoints" xsi:type="hints3:Property">
                        <hints3:value hints3:data="{}" hints3:type="{[Lorg.eclipse.swt.graphics.Point;,0}" xsi:type="hints3:PropertyValue"/>
                    </hints3:property>
                    <hints3:property hints3:name="glass/endpoint1" xsi:type="hints3:Property">
                        <hints3:value hints3:data="10303,10182" hints3:type="org.eclipse.swt.graphics.Point" xsi:type="hints3:PropertyValue"/>
                    </hints3:property>
                    <hints3:property hints3:name="glass/endpoint2" xsi:type="hints3:Property">
                        <hints3:value hints3:data="10322,10220" hints3:type="org.eclipse.swt.graphics.Point" xsi:type="hints3:PropertyValue"/>
                    </hints3:property>
                    <hints3:property hints3:name="glass/endpoint2-StuckInfo" xsi:type="hints3:Property">
                        <hints3:value hints3:data="{EDGE_FROM_CENTER}" hints3:type="{[Ljava.lang.Object;,1,enum:edu.uci.isr.bna4.logics.coordinating.MaintainStickyPointLogic$StickyMode}" xsi:type="hints3:PropertyValue"/>
                    </hints3:property>
                    <hints3:property hints3:name="glass/endpoint1-StuckInfo" xsi:type="hints3:Property">
                        <hints3:value hints3:data="{EDGE_FROM_CENTER}" hints3:type="{[Ljava.lang.Object;,1,enum:edu.uci.isr.bna4.logics.coordinating.MaintainStickyPointLogic$StickyMode}" xsi:type="hints3:PropertyValue"/>
                    </hints3:property>
                </hints3:hintedElement>
                <hints3:hintedElement xsi:type="hints3:HintedElement">
                    <hints3:target xlink:href="#linkffa83801-df726eaf-151fb2f1-11b301da" xlink:type="simple" xsi:type="instance:XMLLink"/>
                    <hints3:property hints3:name="glass/midpoints" xsi:type="hints3:Property">
                        <hints3:value hints3:data="{}" hints3:type="{[Lorg.eclipse.swt.graphics.Point;,0}" xsi:type="hints3:PropertyValue"/>
                    </hints3:property>
                    <hints3:property hints3:name="glass/endpoint1" xsi:type="hints3:Property">
                        <hints3:value hints3:data="10330,10179" hints3:type="org.eclipse.swt.graphics.Point" xsi:type="hints3:PropertyValue"/>
                    </hints3:property>
                    <hints3:property hints3:name="glass/endpoint2" xsi:type="hints3:Property">
                        <hints3:value hints3:data="10470,10223" hints3:type="org.eclipse.swt.graphics.Point" xsi:type="hints3:PropertyValue"/>
                    </hints3:property>
                    <hints3:property hints3:name="glass/endpoint2-StuckInfo" xsi:type="hints3:Property">
                        <hints3:value hints3:data="{EDGE_FROM_CENTER}" hints3:type="{[Ljava.lang.Object;,1,enum:edu.uci.isr.bna4.logics.coordinating.MaintainStickyPointLogic$StickyMode}" xsi:type="hints3:PropertyValue"/>
                    </hints3:property>
                    <hints3:property hints3:name="glass/endpoint1-StuckInfo" xsi:type="hints3:Property">
                        <hints3:value hints3:data="{EDGE_FROM_CENTER}" hints3:type="{[Ljava.lang.Object;,1,enum:edu.uci.isr.bna4.logics.coordinating.MaintainStickyPointLogic$StickyMode}" xsi:type="hints3:PropertyValue"/>
                    </hints3:property>
                </hints3:hintedElement>
            </hints3:hintedElement>
        </hints3:hintedElement>
    </hints3:renderingHints3>
    <changes:archChange changes:id="archChangeffa83801-df6fe67c-43a0227d-11b30014" xsi:type="changes:ArchChange">
        <changes:description xsi:type="instance:Description">Architecture Change Model</changes:description>
        <changes:changes changes:id="changesffa83801-df705ff0-599a341c-11b30017" changes:status="mapped" xsi:type="changes:Changes">
            <changes:description xsi:type="instance:Description">2015-11-06 18:54</changes:description>
            <changes:componentChange changes:id="componentChangeffa83801-df705ff5-0ddbc886-11b30018" changes:type="add" xsi:type="changes:ComponentChange">
                <changes:description xsi:type="instance:Description">New Component</changes:description>
                <changes:component xlink:href="#componentffa83801-df705fee-9a49fe04-11b30016" xlink:type="simple" xsi:type="instance:XMLLink"/>
            </changes:componentChange>
            <changes:componentChange changes:id="componentChangeffa83801-df706cf0-c37fd1fb-11b30022" changes:type="add" xsi:type="changes:ComponentChange">
                <changes:description xsi:type="instance:Description">New Component</changes:description>
                <changes:component xlink:href="#componentffa83801-df706cee-fc4087b2-11b30021" xlink:type="simple" xsi:type="instance:XMLLink"/>
            </changes:componentChange>
            <changes:componentChange changes:id="componentChangeffa83801-df707388-c0fa581e-11b3002c" changes:type="add" xsi:type="changes:ComponentChange">
                <changes:description xsi:type="instance:Description">New Component</changes:description>
                <changes:component xlink:href="#componentffa83801-df707387-5e0e2d7a-11b3002b" xlink:type="simple" xsi:type="instance:XMLLink"/>
            </changes:componentChange>
            <changes:componentChange changes:id="componentChangeffa83801-df707abf-02864cd9-11b30036" changes:type="add" xsi:type="changes:ComponentChange">
                <changes:description xsi:type="instance:Description">New Component</changes:description>
                <changes:component xlink:href="#componentffa83801-df707abe-fc081f83-11b30035" xlink:type="simple" xsi:type="instance:XMLLink"/>
            </changes:componentChange>
            <changes:componentChange changes:id="componentChangeffa83801-df711c02-750eeefa-11b3013e" changes:type="update" xsi:type="changes:ComponentChange">
                <changes:description xsi:type="instance:Description">New interface</changes:description>
                <changes:component xlink:href="#componentffa83801-df705fee-9a49fe04-11b30016" xlink:type="simple" xsi:type="instance:XMLLink"/>
                <changes:interfaceChange changes:id="interfaceChangeffa83801-df711c03-126f18ed-11b3013f" changes:type="add" xsi:type="changes:InterfaceChange">
                    <changes:interface xlink:href="#interfaceffa83801-df711c00-2e5c6d82-11b3013d" xlink:type="simple" xsi:type="instance:XMLLink"/>
                </changes:interfaceChange>
            </changes:componentChange>
            <changes:componentChange changes:id="componentChangeffa83801-df713209-0bc0c587-11b30146" changes:type="update" xsi:type="changes:ComponentChange">
                <changes:description xsi:type="instance:Description">New interface</changes:description>
                <changes:component xlink:href="#componentffa83801-df705fee-9a49fe04-11b30016" xlink:type="simple" xsi:type="instance:XMLLink"/>
                <changes:interfaceChange changes:id="interfaceChangeffa83801-df71320a-7b0fc7ce-11b30147" changes:type="add" xsi:type="changes:InterfaceChange">
                    <changes:interface xlink:href="#interfaceffa83801-df713206-ac58c6b8-11b30145" xlink:type="simple" xsi:type="instance:XMLLink"/>
                </changes:interfaceChange>
            </changes:componentChange>
            <changes:componentChange changes:id="componentChangeffa83801-df7141b7-f560432d-11b3014e" changes:type="update" xsi:type="changes:ComponentChange">
                <changes:description xsi:type="instance:Description">New interface</changes:description>
                <changes:component xlink:href="#componentffa83801-df705fee-9a49fe04-11b30016" xlink:type="simple" xsi:type="instance:XMLLink"/>
                <changes:interfaceChange changes:id="interfaceChangeffa83801-df7141b9-0c151341-11b3014f" changes:type="add" xsi:type="changes:InterfaceChange">
                    <changes:interface xlink:href="#interfaceffa83801-df7141b6-11645a05-11b3014d" xlink:type="simple" xsi:type="instance:XMLLink"/>
                </changes:interfaceChange>
            </changes:componentChange>
            <changes:componentChange changes:id="componentChangeffa83801-df71a838-119f090f-11b30172" changes:type="update" xsi:type="changes:ComponentChange">
                <changes:description xsi:type="instance:Description">New interface</changes:description>
                <changes:component xlink:href="#componentffa83801-df706cee-fc4087b2-11b30021" xlink:type="simple" xsi:type="instance:XMLLink"/>
                <changes:interfaceChange changes:id="interfaceChangeffa83801-df71a838-0e130d17-11b30173" changes:type="add" xsi:type="changes:InterfaceChange">
                    <changes:interface xlink:href="#interfaceffa83801-df71a837-3ac51a79-11b30171" xlink:type="simple" xsi:type="instance:XMLLink"/>
                </changes:interfaceChange>
            </changes:componentChange>
            <changes:componentChange changes:id="componentChangeffa83801-df71b011-f6bfb2fa-11b30193" changes:type="update" xsi:type="changes:ComponentChange">
                <changes:description xsi:type="instance:Description">New interface</changes:description>
                <changes:component xlink:href="#componentffa83801-df707387-5e0e2d7a-11b3002b" xlink:type="simple" xsi:type="instance:XMLLink"/>
                <changes:interfaceChange changes:id="interfaceChangeffa83801-df71b012-ae37c3bf-11b30194" changes:type="add" xsi:type="changes:InterfaceChange">
                    <changes:interface xlink:href="#interfaceffa83801-df71b00f-01644ae3-11b30192" xlink:type="simple" xsi:type="instance:XMLLink"/>
                </changes:interfaceChange>
            </changes:componentChange>
            <changes:componentChange changes:id="componentChangeffa83801-df71b9b1-c68ecf68-11b301b4" changes:type="update" xsi:type="changes:ComponentChange">
                <changes:description xsi:type="instance:Description">New interface</changes:description>
                <changes:component xlink:href="#componentffa83801-df707abe-fc081f83-11b30035" xlink:type="simple" xsi:type="instance:XMLLink"/>
                <changes:interfaceChange changes:id="interfaceChangeffa83801-df71b9b1-f99751a9-11b301b6" changes:type="add" xsi:type="changes:InterfaceChange">
                    <changes:interface xlink:href="#interfaceffa83801-df71b9af-32ad9005-11b301b3" xlink:type="simple" xsi:type="instance:XMLLink"/>
                </changes:interfaceChange>
            </changes:componentChange>
            <changes:linkChange changes:id="linkChangeffa83801-df7225af-8133e1ca-11b301bf" changes:type="add" xsi:type="changes:LinkChange">
                <changes:description xsi:type="instance:Description">New Link</changes:description>
                <changes:link xlink:href="#linkffa83801-df7225ae-ffd07812-11b301be" xlink:type="simple" xsi:type="instance:XMLLink"/>
            </changes:linkChange>
            <changes:linkChange changes:id="linkChangeffa83801-df724bb6-0d00ad03-11b301cd" changes:type="add" xsi:type="changes:LinkChange">
                <changes:description xsi:type="instance:Description">New Link</changes:description>
                <changes:link xlink:href="#linkffa83801-df724bb5-9c384ef5-11b301cc" xlink:type="simple" xsi:type="instance:XMLLink"/>
            </changes:linkChange>
            <changes:linkChange changes:id="linkChangeffa83801-df726eb0-a1dc5e0e-11b301db" changes:type="add" xsi:type="changes:LinkChange">
                <changes:description xsi:type="instance:Description">New Link</changes:description>
                <changes:link xlink:href="#linkffa83801-df726eaf-151fb2f1-11b301da" xlink:type="simple" xsi:type="instance:XMLLink"/>
            </changes:linkChange>
        </changes:changes>
    </changes:archChange>
</instance:xArch>
